x0,x1,x2,x3,x4,x5,x6,x7,x8,x9,x10,x11,x12,x13,x14,x15,x16,x17,x18,x19,x20,y0,y1,y2,y3,y4,y5,y6,y7,y8,y9,y10,y11,y12,y13,y14,y15,y16,y17,y18,y19,y20,label
0.6434448957443237,0.5650519132614136,0.5134766697883606,0.4988296329975128,0.4980710744857788,0.546174943447113,0.5370206236839294,0.547626793384552,0.5575978755950928,0.5907517075538635,0.5804898738861084,0.5888718366622925,0.5976547598838806,0.6340320110321045,0.6246572732925415,0.6255642771720886,0.6276757717132568,0.6760387420654297,0.6629867553710938,0.6582856178283691,0.6569066643714905,0.5666343569755554,0.5211153030395508,0.43244972825050354,0.3466045558452606,0.2794404625892639,0.3609083890914917,0.3012867569923401,0.3696901202201843,0.42916634678840637,0.35730698704719543,0.30640310049057007,0.39348316192626953,0.46053391695022583,0.36278337240219116,0.3173903226852417,0.4048084616661072,0.47181352972984314,0.376065731048584,0.34068796038627625,0.4051162898540497,0.4559251070022583,A
0.8072342276573181,0.7240729331970215,0.6681604981422424,0.649168074131012,0.6559935212135315,0.7036253213882446,0.6999632716178894,0.7129278182983398,0.7229201793670654,0.7567659020423889,0.7536222338676453,0.7628087997436523,0.76910400390625,0.8089131712913513,0.8078276515007019,0.8064267635345459,0.8034654855728149,0.8569183349609375,0.8532136678695679,0.8439368605613708,0.8364108204841614,0.5996035933494568,0.526885986328125,0.41567462682724,0.31912949681282043,0.24283242225646973,0.34600433707237244,0.27477627992630005,0.35871997475624084,0.43080398440361023,0.3476857841014862,0.2872530221939087,0.39056500792503357,0.47102755308151245,0.3601682782173157,0.30519452691078186,0.4046996235847473,0.4844493567943573,0.38244789838790894,0.3359506130218506,0.4076661765575409,0.4683994650840759,A
0.5471513867378235,0.49409112334251404,0.4525192379951477,0.43459153175354004,0.4327288269996643,0.4701555669307709,0.4616960287094116,0.4741770625114441,0.4850570559501648,0.500575602054596,0.492345929145813,0.5055298209190369,0.5169131755828857,0.5306259989738464,0.5238088965415955,0.531326949596405,0.5375556349754333,0.5602710843086243,0.5527037382125854,0.5530871748924255,0.5547779202461243,0.6213692426681519,0.5948374271392822,0.5374355912208557,0.4831019937992096,0.4387502074241638,0.4912850558757782,0.4509943127632141,0.49966180324554443,0.5385239124298096,0.4863241910934448,0.4525504410266876,0.5119857788085938,0.5545010566711426,0.48728466033935547,0.45705169439315796,0.5152180790901184,0.5575845837593079,0.4939994215965271,0.4707339107990265,0.5140713453292847,0.5464819669723511,A
0.4773241877555847,0.4217795133590698,0.38734138011932373,0.37956446409225464,0.3836812674999237,0.42189088463783264,0.4074954390525818,0.40970760583877563,0.41454893350601196,0.4556441009044647,0.4372248649597168,0.4382396340370178,0.4411740005016327,0.4888184368610382,0.46900367736816406,0.46698036789894104,0.4667148292064667,0.5216723680496216,0.4995536804199219,0.4932941496372223,0.49194952845573425,0.7759237885475159,0.7290509343147278,0.6479402780532837,0.5815169215202332,0.5279626250267029,0.59544837474823,0.5569915175437927,0.6167588233947754,0.66624516248703,0.5979666113853455,0.5675622224807739,0.6367189288139343,0.6892954707145691,0.606992244720459,0.585538387298584,0.655800461769104,0.7064526081085205,0.6218459010124207,0.6046071648597717,0.657365620136261,0.6956734657287598,A
0.5321359038352966,0.45526617765426636,0.40522265434265137,0.38972169160842896,0.39135268330574036,0.4420875608921051,0.42648637294769287,0.4343436658382416,0.4433867037296295,0.4844357967376709,0.4650469720363617,0.470499187707901,0.4782222807407379,0.526168942451477,0.506330132484436,0.5066705346107483,0.5100284218788147,0.5668982267379761,0.5448046326637268,0.5400091409683228,0.5411511659622192,0.3923853039741516,0.3372654318809509,0.24530960619449615,0.1632576733827591,0.0962735265493393,0.18043886125087738,0.1270241141319275,0.20073069632053375,0.26209601759910583,0.179424449801445,0.13302525877952576,0.22020603716373444,0.28828585147857666,0.18543197214603424,0.1447267234325409,0.23165687918663025,0.2998376488685608,0.19705785810947418,0.16666534543037415,0.2315642535686493,0.2830822467803955,A
0.5298932790756226,0.43949827551841736,0.3757845163345337,0.35324370861053467,0.3492570221424103,0.4157635271549225,0.39113849401474,0.404342919588089,0.41879457235336304,0.4695940911769867,0.43926867842674255,0.4514824151992798,0.46344026923179626,0.5237212181091309,0.49297624826431274,0.4980945885181427,0.5029898881912231,0.5770905613899231,0.5431014895439148,0.5392076969146729,0.5408328771591187,0.4741044044494629,0.41300779581069946,0.2922745645046234,0.18761694431304932,0.10071061551570892,0.20248043537139893,0.1418735235929489,0.23539124429225922,0.3160386383533478,0.20022740960121155,0.15507328510284424,0.263992577791214,0.34886008501052856,0.20718789100646973,0.1723441779613495,0.28270384669303894,0.366446316242218,0.22200435400009155,0.19635948538780212,0.28176289796829224,0.34580641984939575,A
0.21922940015792847,0.1445964127779007,0.0898686945438385,0.07140690088272095,0.06876105070114136,0.12366487830877304,0.10089785605669022,0.11621838808059692,0.1321764588356018,0.16732943058013916,0.1414303034543991,0.1554138958454132,0.16812628507614136,0.2119314968585968,0.1846848577260971,0.19324523210525513,0.2011728286743164,0.25712934136390686,0.22661904990673065,0.22580456733703613,0.22972935438156128,0.6499649286270142,0.6083141565322876,0.5125663876533508,0.42773231863975525,0.3573058247566223,0.43762731552124023,0.38931459188461304,0.46341532468795776,0.5240321159362793,0.4328848123550415,0.3938250243663788,0.4806993901729584,0.5452842712402344,0.4378223121166229,0.4043918550014496,0.49395960569381714,0.5589830279350281,0.4507409632205963,0.4245566129684448,0.49238041043281555,0.5428768992424011,A
0.24319341778755188,0.1774255633354187,0.13359634578227997,0.12028343975543976,0.11389856785535812,0.17247283458709717,0.13592717051506042,0.14353099465370178,0.15644705295562744,0.21246495842933655,0.17019952833652496,0.18064309656620026,0.19144794344902039,0.2543652355670929,0.2097080647945404,0.21649828553199768,0.22439290583133698,0.2975348234176636,0.24971838295459747,0.2458026111125946,0.25179988145828247,0.6447088122367859,0.5932855606079102,0.49451518058776855,0.41368168592453003,0.34424832463264465,0.40622568130493164,0.3730396032333374,0.44839024543762207,0.5131033062934875,0.4076807498931885,0.3876229226589203,0.47450143098831177,0.5389968752861023,0.4194739758968353,0.40543341636657715,0.4943749010562897,0.5564463138580322,0.4402119815349579,0.4249783754348755,0.49330905079841614,0.5409197211265564,A
0.27770715951919556,0.20859524607658386,0.15702971816062927,0.13655881583690643,0.13686013221740723,0.18778656423091888,0.18137159943580627,0.19571049511432648,0.20831994712352753,0.2299548089504242,0.2224898636341095,0.23342423141002655,0.24353840947151184,0.2703529894351959,0.26405012607574463,0.26794591546058655,0.27196067571640015,0.3093324601650238,0.302277147769928,0.2975780665874481,0.29515692591667175,0.6593888998031616,0.6189326643943787,0.5312600135803223,0.44766226410865784,0.38155752420425415,0.46602922677993774,0.41083845496177673,0.48031747341156006,0.5358930230140686,0.4611709415912628,0.4150097668170929,0.4990655779838562,0.5612809658050537,0.46747082471847534,0.4266391396522522,0.5099515318870544,0.5715364217758179,0.48100802302360535,0.4466773271560669,0.5039018392562866,0.5482255220413208,A
0.7017134428024292,0.6389265060424805,0.5979307889938354,0.585851788520813,0.5897383689880371,0.6292641758918762,0.6212297677993774,0.627869725227356,0.6343122720718384,0.6672250628471375,0.6571320295333862,0.6618990302085876,0.6666608452796936,0.7042941451072693,0.6940545439720154,0.6933295130729675,0.6933047771453857,0.7404478788375854,0.7276180982589722,0.7216158509254456,0.7190677523612976,0.6945874691009521,0.6465474367141724,0.5625629425048828,0.4907057583332062,0.4340752363204956,0.5102032423019409,0.4586727023124695,0.5217352509498596,0.5749754905700684,0.5125272870063782,0.47161784768104553,0.545963704586029,0.603050947189331,0.5209883451461792,0.48850661516189575,0.5614287853240967,0.6166118383407593,0.5357925891876221,0.509003221988678,0.5627490878105164,0.6049014329910278,A
0.45603054761886597,0.3840964436531067,0.3287351131439209,0.30733728408813477,0.3029014468193054,0.3599831759929657,0.33746907114982605,0.3488599359989166,0.36298927664756775,0.39892396330833435,0.3727453947067261,0.38540756702423096,0.3989504277706146,0.43833863735198975,0.41169601678848267,0.4206756055355072,0.4306708872318268,0.4786071181297302,0.4486240744590759,0.4504278004169464,0.45708543062210083,0.4449273943901062,0.4074780344963074,0.32559433579444885,0.2496567815542221,0.18407556414604187,0.2518216371536255,0.20957723259925842,0.2760462462902069,0.3331080675125122,0.24545526504516602,0.21431779861450195,0.29396942257881165,0.35414087772369385,0.24684187769889832,0.22067157924175262,0.30147433280944824,0.36128053069114685,0.25499552488327026,0.23413687944412231,0.29626530408859253,0.3427095413208008,A
0.5381468534469604,0.4780336022377014,0.4351770877838135,0.4184083938598633,0.4245731234550476,0.4667099714279175,0.4631558060646057,0.4717048704624176,0.47867846488952637,0.5052412152290344,0.5020061731338501,0.5076321959495544,0.5125596523284912,0.5422205924987793,0.5409131050109863,0.5392693281173706,0.5376794934272766,0.576341450214386,0.5742791295051575,0.5668210983276367,0.561760425567627,0.5407311916351318,0.4889201521873474,0.40598157048225403,0.33155685663223267,0.2743452191352844,0.3523685932159424,0.3000248670578003,0.3637884557247162,0.4163163900375366,0.3547777831554413,0.3105122148990631,0.3882332742214203,0.44677773118019104,0.3653232455253601,0.3253408670425415,0.40049004554748535,0.45804503560066223,0.3826110363006592,0.3497162163257599,0.4026361107826233,0.4444124102592468,A
0.5189107060432434,0.4623871445655823,0.4229990541934967,0.41050317883491516,0.4150741696357727,0.4531157612800598,0.4419425129890442,0.44705820083618164,0.4535701870918274,0.4865351617336273,0.4736301600933075,0.4776695668697357,0.4821152091026306,0.5190102458000183,0.5053922533988953,0.505527675151825,0.5063868165016174,0.5511816143989563,0.53570955991745,0.531360387802124,0.5303511023521423,0.7828859090805054,0.7447779774665833,0.6701375842094421,0.6062182188034058,0.5545960068702698,0.6180806159973145,0.576108992099762,0.6337478160858154,0.6814489364624023,0.6184237599372864,0.5860654711723328,0.653207004070282,0.7035351991653442,0.6246554851531982,0.598628044128418,0.6650676727294922,0.7137175798416138,0.6366149187088013,0.6153395771980286,0.6650767922401428,0.7022911310195923,A
0.46601206064224243,0.409880667924881,0.3694422245025635,0.3546178638935089,0.35180240869522095,0.3963395655155182,0.3837190568447113,0.390590637922287,0.39865705370903015,0.42849963903427124,0.4136889576911926,0.42036500573158264,0.4276219308376312,0.4599783718585968,0.4442450702190399,0.44738274812698364,0.45125529170036316,0.49182558059692383,0.47347861528396606,0.4725629389286041,0.47495129704475403,0.6211031079292297,0.5886904001235962,0.521546483039856,0.46076178550720215,0.4114254415035248,0.4729538559913635,0.430544912815094,0.4845488667488098,0.5289565920829773,0.4701789915561676,0.43652573227882385,0.49936577677726746,0.5472032427787781,0.47235047817230225,0.44455304741859436,0.5071521401405334,0.5541329383850098,0.47944825887680054,0.45690321922302246,0.505010724067688,0.5421633124351501,A
0.4841095805168152,0.36475151777267456,0.28287214040756226,0.2546718120574951,0.24671725928783417,0.33816924691200256,0.3246670365333557,0.345237135887146,0.3596423864364624,0.41582804918289185,0.39913228154182434,0.41370686888694763,0.42550456523895264,0.49102655053138733,0.4760039150714874,0.47788846492767334,0.47640490531921387,0.5600845813751221,0.5448226928710938,0.5349570512771606,0.5262152552604675,0.5931684970855713,0.5071528553962708,0.3453323543071747,0.2073325514793396,0.09267862141132355,0.24272125959396362,0.1636030524969101,0.2898067831993103,0.3942050039768219,0.24193507432937622,0.1779104620218277,0.32546553015708923,0.43803495168685913,0.2547549307346344,0.20046180486679077,0.34892743825912476,0.4616544842720032,0.2785080373287201,0.23104669153690338,0.34061023592948914,0.4255880117416382,A
0.43663647770881653,0.3978859484195709,0.370667964220047,0.36109402775764465,0.35915878415107727,0.3895290493965149,0.38503962755203247,0.39028453826904297,0.39541172981262207,0.4140945374965668,0.40968742966651917,0.413623571395874,0.41781383752822876,0.4375407099723816,0.4335804283618927,0.43392282724380493,0.4351840615272522,0.4600314497947693,0.4552966356277466,0.45159822702407837,0.4500972032546997,0.6705536842346191,0.6419606804847717,0.5913517475128174,0.5474931001663208,0.5114997625350952,0.5564359426498413,0.528661847114563,0.5687190294265747,0.6012381315231323,0.5557222366333008,0.5354169011116028,0.5825769901275635,0.6177144646644592,0.5597322583198547,0.542186439037323,0.5881130695343018,0.6226946711540222,0.5680297017097473,0.5511581897735596,0.5848490595817566,0.6112173199653625,A
0.6761586666107178,0.5336960554122925,0.44046610593795776,0.42103999853134155,0.4048539400100708,0.5144929885864258,0.49708446860313416,0.5068899989128113,0.5159112215042114,0.6005449295043945,0.5767297744750977,0.5812650918960571,0.5889871120452881,0.6826620697975159,0.6618420481681824,0.6546435356140137,0.6499215960502625,0.7633028030395508,0.7385715246200562,0.721133291721344,0.7085879445075989,0.6863112449645996,0.6024174690246582,0.43087464570999146,0.27215152978897095,0.1455865353345871,0.28557226061820984,0.17949020862579346,0.3186723291873932,0.4351429343223572,0.28180238604545593,0.19967347383499146,0.3708515763282776,0.5000684857368469,0.29497796297073364,0.23276053369045258,0.4052792489528656,0.5311411023139954,0.3243993818759918,0.2694026231765747,0.3945261836051941,0.4895956814289093,A
0.28621935844421387,0.2503427565097809,0.22068451344966888,0.2092699259519577,0.2183505892753601,0.23679964244365692,0.23243747651576996,0.23846501111984253,0.24358250200748444,0.25908657908439636,0.2547088861465454,0.2609265446662903,0.2649132013320923,0.28096115589141846,0.27617254853248596,0.27921727299690247,0.2804464101791382,0.3023237884044647,0.29801785945892334,0.2969054579734802,0.295978844165802,0.5475893020629883,0.5286275148391724,0.4892968535423279,0.4489385485649109,0.41755589842796326,0.4514937102794647,0.4214792251586914,0.4527961313724518,0.4826337695121765,0.4500163197517395,0.42839300632476807,0.46974870562553406,0.5002428889274597,0.4529736340045929,0.4315200448036194,0.47284939885139465,0.5030360221862793,0.46057403087615967,0.4384559392929077,0.4672468602657318,0.4898757040500641,A
0.44550368189811707,0.3759572505950928,0.3337564766407013,0.3258565664291382,0.3307914137840271,0.3695618808269501,0.3527749180793762,0.36202889680862427,0.3725767135620117,0.4087448716163635,0.3884459137916565,0.4001757800579071,0.4116519093513489,0.4477495849132538,0.42482122778892517,0.4326883554458618,0.4403447210788727,0.48705342411994934,0.4624626636505127,0.45996132493019104,0.4624314606189728,0.5497040748596191,0.5051193237304688,0.4192129671573639,0.34368735551834106,0.28471267223358154,0.3521011173725128,0.3086245656013489,0.3707563579082489,0.42571699619293213,0.35036706924438477,0.32024791836738586,0.39556121826171875,0.45460420846939087,0.3566776216030121,0.3299013376235962,0.4078730344772339,0.4676814079284668,0.37179261445999146,0.34210658073425293,0.39964431524276733,0.4463970959186554,A
0.7012178897857666,0.6582340598106384,0.6240382790565491,0.6135278940200806,0.6265879273414612,0.6526581645011902,0.6474342346191406,0.6549720168113708,0.6610909104347229,0.6803569197654724,0.6751742362976074,0.6815053820610046,0.684201180934906,0.7065193057060242,0.6994926929473877,0.7026181817054749,0.7030009627342224,0.7310807704925537,0.7214109897613525,0.7195916771888733,0.7189949750900269,0.5723141431808472,0.5474265813827515,0.4931715428829193,0.441756933927536,0.40652310848236084,0.4405495822429657,0.4102596342563629,0.45334160327911377,0.49159327149391174,0.4382413625717163,0.41705846786499023,0.4707961082458496,0.5147995948791504,0.4418846368789673,0.4257504940032959,0.47782087326049805,0.5203747153282166,0.4499358534812927,0.4305238127708435,0.4672994315624237,0.49982795119285583,A
0.5533280372619629,0.5007135272026062,0.47333309054374695,0.5071496367454529,0.5557348132133484,0.48628807067871094,0.47786280512809753,0.47977960109710693,0.48705267906188965,0.5218609571456909,0.5186607837677002,0.5155710577964783,0.5173433423042297,0.5560232400894165,0.5582190752029419,0.5479903221130371,0.5447965860366821,0.5910547971725464,0.5933302044868469,0.5800957679748535,0.5714467167854309,0.8382505178451538,0.8002930879592896,0.7327395081520081,0.6817755103111267,0.6764538884162903,0.6369423270225525,0.5495860576629639,0.5925489068031311,0.6411288380622864,0.6283831000328064,0.5313789248466492,0.5776481032371521,0.6262168884277344,0.6320962905883789,0.5444447994232178,0.581630527973175,0.6294869184494019,0.6454486846923828,0.572646975517273,0.584720253944397,0.6207869052886963,E
0.6618953347206116,0.6098946928977966,0.5865637063980103,0.6233761310577393,0.6699630618095398,0.593664824962616,0.5869583487510681,0.5861666202545166,0.5933554172515869,0.6256930232048035,0.6215748190879822,0.6173679828643799,0.6224902868270874,0.6579169034957886,0.657274603843689,0.6476889848709106,0.6491313576698303,0.6916974782943726,0.6916978359222412,0.681693434715271,0.6790262460708618,0.7879701256752014,0.7483712434768677,0.6645957231521606,0.6116415858268738,0.6181644797325134,0.5940195322036743,0.5146905183792114,0.5323148965835571,0.5763004422187805,0.5841701626777649,0.4984813332557678,0.5214971303939819,0.5704176425933838,0.5865497589111328,0.5095893740653992,0.527105987071991,0.573172926902771,0.5952596664428711,0.528363823890686,0.5295096039772034,0.5628263354301453,E
0.6225703954696655,0.5881295204162598,0.5712274312973022,0.5971296429634094,0.6295596361160278,0.5825686454772949,0.5802993774414062,0.5825044512748718,0.5849994421005249,0.6072689294815063,0.6081382632255554,0.6087540984153748,0.6079866886138916,0.6300923824310303,0.6312231421470642,0.6281101703643799,0.6250272989273071,0.652506947517395,0.6556442379951477,0.6512820720672607,0.6456802487373352,0.6999133825302124,0.6750383377075195,0.6232009530067444,0.5929051637649536,0.5943707227706909,0.5571695566177368,0.49473676085472107,0.5228995084762573,0.5573185086250305,0.5521347522735596,0.48601070046424866,0.5179085731506348,0.5533718466758728,0.5556600689888,0.494581937789917,0.5214888453483582,0.5559864640235901,0.5664305686950684,0.5140054225921631,0.5222628712654114,0.548839271068573,E
0.6454024910926819,0.5753433108329773,0.5336356163024902,0.5692270994186401,0.6292659044265747,0.5665590763092041,0.5621815323829651,0.5612046122550964,0.5673328042030334,0.6141046285629272,0.618059515953064,0.6085599064826965,0.6057632565498352,0.6569972038269043,0.6678243279457092,0.6509576439857483,0.6431201100349426,0.6983723044395447,0.7078752517700195,0.6875048875808716,0.6736820936203003,0.7621427178382874,0.7168843150138855,0.6511582732200623,0.601922333240509,0.6025398969650269,0.507176399230957,0.4073645770549774,0.4801819622516632,0.5403462052345276,0.4996991753578186,0.3849252462387085,0.46762344241142273,0.5267467498779297,0.5082945823669434,0.39741477370262146,0.46956416964530945,0.5308587551116943,0.5322616100311279,0.44309666752815247,0.4777037799358368,0.5240647792816162,E
0.8789151310920715,0.8217090964317322,0.7901571989059448,0.8239330053329468,0.8742877244949341,0.8145608305931091,0.8116969466209412,0.8162022829055786,0.8219261765480042,0.8543909788131714,0.8569990396499634,0.8578900098800659,0.8565879464149475,0.8906049728393555,0.8965139985084534,0.8922969102859497,0.8876411318778992,0.9257717728614807,0.9327237606048584,0.9248234033584595,0.9154670238494873,0.752944827079773,0.7172780632972717,0.6592158079147339,0.622487485408783,0.6240630745887756,0.5423887372016907,0.4616348445415497,0.5183752775192261,0.5681673288345337,0.5343220829963684,0.44260919094085693,0.5063742399215698,0.5582221746444702,0.5398792028427124,0.45559200644493103,0.5110806822776794,0.5626586079597473,0.5575780868530273,0.48597192764282227,0.5119209885597229,0.5520913600921631,E
0.6061781644821167,0.5683815479278564,0.5491486191749573,0.5759230852127075,0.6107973456382751,0.5621803998947144,0.5590147376060486,0.5605448484420776,0.5625011324882507,0.5872460603713989,0.586733341217041,0.5878055095672607,0.5873759388923645,0.6104691624641418,0.6110057830810547,0.6083315014839172,0.6052899956703186,0.6341660022735596,0.6365429759025574,0.6315710544586182,0.6251749992370605,0.7228474617004395,0.6970332264900208,0.6484675407409668,0.6177577972412109,0.6162988543510437,0.5714991092681885,0.5030912160873413,0.521996259689331,0.555356502532959,0.5655043721199036,0.4935157001018524,0.5176868438720703,0.5534568428993225,0.568945586681366,0.5021889805793762,0.5233888030052185,0.5578842163085938,0.5810816287994385,0.5256559252738953,0.5315560698509216,0.5581504106521606,E
0.549157977104187,0.4959881901741028,0.4639468193054199,0.4986465871334076,0.5483617782592773,0.4834727942943573,0.4813266396522522,0.48624324798583984,0.4910549521446228,0.5211911797523499,0.5230200886726379,0.524809718132019,0.5233588218688965,0.5560198426246643,0.5588563680648804,0.5548205375671387,0.5498006939888,0.5913186073303223,0.5968180894851685,0.5896903872489929,0.5802739262580872,0.7405388355255127,0.7079242467880249,0.6510530114173889,0.6073727011680603,0.6046629548072815,0.5268442630767822,0.4321221113204956,0.47185856103897095,0.5203494429588318,0.5187332630157471,0.41543182730674744,0.46565139293670654,0.5183451771736145,0.5245608687400818,0.43556174635887146,0.47847601771354675,0.527832567691803,0.5431657433509827,0.464706152677536,0.48257702589035034,0.5203084349632263,E
0.601606547832489,0.5518415570259094,0.5197660326957703,0.5421434044837952,0.5811980962753296,0.5326797962188721,0.5244364738464355,0.5294073224067688,0.5375157594680786,0.5630035400390625,0.5590597987174988,0.5608128905296326,0.5638145804405212,0.5921955704689026,0.5907018184661865,0.5876730680465698,0.5879607200622559,0.6220285892486572,0.6209291815757751,0.6140435934066772,0.6103773713111877,0.5809348821640015,0.5612955093383789,0.5140596032142639,0.47436073422431946,0.4696875214576721,0.4107018709182739,0.3351813554763794,0.37032291293144226,0.4111766517162323,0.4017547070980072,0.31740057468414307,0.35899418592453003,0.40299463272094727,0.40352919697761536,0.330525279045105,0.3649265170097351,0.40551409125328064,0.41424646973609924,0.3521779179573059,0.36690303683280945,0.3977958858013153,E
0.48020365834236145,0.4395439028739929,0.4139980673789978,0.43982934951782227,0.4821264147758484,0.4307911992073059,0.42552268505096436,0.42412713170051575,0.42866674065589905,0.45941710472106934,0.4595586657524109,0.45372265577316284,0.45301878452301025,0.48600122332572937,0.490644633769989,0.4816587567329407,0.47763049602508545,0.5121519565582275,0.5161067843437195,0.5059928297996521,0.49953216314315796,0.6305058002471924,0.6040108799934387,0.5516911745071411,0.5166329741477966,0.5161283016204834,0.4712214767932892,0.40275657176971436,0.44366732239723206,0.48247984051704407,0.46411263942718506,0.3859710991382599,0.4265213906764984,0.46275290846824646,0.46914660930633545,0.39714401960372925,0.43251773715019226,0.46803799271583557,0.48275595903396606,0.4227343201637268,0.4344269037246704,0.4590020477771759,E
0.4936659336090088,0.41474175453186035,0.3677735924720764,0.4096926152706146,0.4800594449043274,0.39752262830734253,0.3841930329799652,0.3929438889026642,0.404089093208313,0.4511851668357849,0.4431515336036682,0.4461871087551117,0.44926103949546814,0.49734270572662354,0.5005719065666199,0.4949091672897339,0.4925214350223541,0.5431433916091919,0.5458277463912964,0.5340836048126221,0.5251994132995605,0.7091118693351746,0.6685488224029541,0.6032135486602783,0.5406674146652222,0.538221001625061,0.45267540216445923,0.3316953778266907,0.40995851159095764,0.4741407632827759,0.4346332252025604,0.29867851734161377,0.3872383236885071,0.44175124168395996,0.4376184344291687,0.3085285425186157,0.3747819662094116,0.4357999861240387,0.4611537456512451,0.3542602062225342,0.3750661611557007,0.4237387478351593,E
0.70563143491745,0.6632639765739441,0.6358891725540161,0.6553834080696106,0.6906620264053345,0.6535648107528687,0.6478574275970459,0.6485881805419922,0.6529809832572937,0.6809001564979553,0.6779248714447021,0.6768288016319275,0.6779247522354126,0.7059432864189148,0.7070051431655884,0.7030117511749268,0.7008562088012695,0.7310031652450562,0.733291506767273,0.7265868782997131,0.7208709120750427,0.67670077085495,0.6510411500930786,0.6126816272735596,0.5809595584869385,0.5738403797149658,0.5328410863876343,0.47059041261672974,0.5072901844978333,0.5430876016616821,0.5242387056350708,0.45180797576904297,0.4927182197570801,0.5261287689208984,0.5261979103088379,0.45516541600227356,0.4888966381549835,0.5237019062042236,0.5384248495101929,0.48084479570388794,0.49320435523986816,0.518563449382782,E
0.8846655488014221,0.841162919998169,0.812128484249115,0.831087589263916,0.8676078915596008,0.829121470451355,0.8240417242050171,0.8288767337799072,0.8322064876556396,0.8588995933532715,0.8569153547286987,0.8602411150932312,0.8592535257339478,0.8856290578842163,0.8891915678977966,0.8872124552726746,0.8815078139305115,0.9109315872192383,0.9144449234008789,0.9095309376716614,0.9017655849456787,0.6561636924743652,0.6299439072608948,0.5951187610626221,0.5642204284667969,0.5557098388671875,0.5123059749603271,0.4491092562675476,0.4886442720890045,0.5268902778625488,0.5006586313247681,0.428460955619812,0.47217607498168945,0.5049951672554016,0.5014487504959106,0.4335957467556,0.4687248468399048,0.5027254819869995,0.5140641927719116,0.4569860100746155,0.4716792106628418,0.49787840247154236,E
0.25238779187202454,0.20227938890457153,0.16612233221530914,0.1839647889137268,0.23086494207382202,0.1862289011478424,0.17856161296367645,0.17773869633674622,0.1850176751613617,0.21587799489498138,0.2120150476694107,0.2083732932806015,0.21165624260902405,0.24502354860305786,0.24559342861175537,0.2369917333126068,0.235854372382164,0.27620449662208557,0.27692410349845886,0.266004741191864,0.2606945037841797,0.6939838528633118,0.6745781898498535,0.6226721405982971,0.5734876394271851,0.5722798109054565,0.5251214504241943,0.4523712396621704,0.488887220621109,0.5290859341621399,0.5140977501869202,0.43009454011917114,0.4730335474014282,0.5146847367286682,0.5156193375587463,0.43559885025024414,0.46871230006217957,0.5084508657455444,0.5268509387969971,0.46138477325439453,0.4703025817871094,0.49583515524864197,E
0.5517851710319519,0.4601878523826599,0.39993762969970703,0.44579896330833435,0.5297873020172119,0.44618916511535645,0.439197301864624,0.4436078667640686,0.4544624090194702,0.5078811645507812,0.5085223317146301,0.5089077353477478,0.5117135047912598,0.562420666217804,0.5691003799438477,0.5594556331634521,0.5550963282585144,0.6166971921920776,0.6235852837562561,0.6096906065940857,0.5975573062896729,0.7436296939849854,0.7002906799316406,0.6077030897140503,0.5265939831733704,0.5187317728996277,0.4218967854976654,0.2682737708091736,0.35174769163131714,0.4367791414260864,0.4055727422237396,0.2355831414461136,0.32911065220832825,0.4098206162452698,0.4087951183319092,0.2521006464958191,0.3210369944572449,0.40058615803718567,0.42969003319740295,0.29986193776130676,0.3134119212627411,0.36768075823783875,E
0.4043031930923462,0.3645867109298706,0.3396504521369934,0.3618004024028778,0.40019673109054565,0.35884204506874084,0.3592403829097748,0.3625063896179199,0.3658478260040283,0.3856652081012726,0.38816556334495544,0.3892830014228821,0.3882392942905426,0.4108406603336334,0.4132782518863678,0.41045108437538147,0.4067226052284241,0.43543288111686707,0.4381854236125946,0.4333256781101227,0.42752233147621155,0.769891619682312,0.7441156506538391,0.6920791864395142,0.6546313762664795,0.6561696529388428,0.6153476238250732,0.5504817962646484,0.5820731520652771,0.6187342405319214,0.608038604259491,0.5381975173950195,0.5742746591567993,0.6119123697280884,0.6107041835784912,0.5435105562210083,0.5706790685653687,0.6056317090988159,0.6216180920600891,0.5651927590370178,0.5672507882118225,0.5853994488716125,E
0.6187558174133301,0.5409066677093506,0.49907028675079346,0.5474264621734619,0.6118414402008057,0.521045446395874,0.5117525458335876,0.5238757729530334,0.5335478186607361,0.5777827501296997,0.5742359757423401,0.5763609409332275,0.5746646523475647,0.6276361346244812,0.6361520886421204,0.6273263096809387,0.6209844946861267,0.6774947047233582,0.6815471053123474,0.6681523323059082,0.6594432592391968,0.7791368961334229,0.7215735912322998,0.6519622206687927,0.5977898836135864,0.589958906173706,0.494684636592865,0.37844544649124146,0.46668606996536255,0.5302964448928833,0.47712987661361694,0.34565138816833496,0.4548087418079376,0.5141626596450806,0.48294684290885925,0.36414891481399536,0.458241730928421,0.5271514654159546,0.5144723653793335,0.4115498960018158,0.462053507566452,0.5220201015472412,E
0.5348235368728638,0.5024609565734863,0.48708176612854004,0.5103413462638855,0.5395846962928772,0.4908435344696045,0.48900625109672546,0.49505817890167236,0.4981560707092285,0.5150105953216553,0.5155928730964661,0.5195808410644531,0.5189757347106934,0.5370336771011353,0.5392679572105408,0.5398705005645752,0.5369207262992859,0.5580576658248901,0.5594795942306519,0.5577426552772522,0.5536549091339111,0.732271134853363,0.7085826992988586,0.6674603223800659,0.6388451457023621,0.6325322389602661,0.6023109555244446,0.5441359877586365,0.575075089931488,0.6065692901611328,0.5950599908828735,0.5323426723480225,0.5660622715950012,0.5958918929100037,0.5966778993606567,0.5447332859039307,0.5723139643669128,0.5996205806732178,0.6073900461196899,0.5626234412193298,0.5743064880371094,0.5952720642089844,E
0.6899660229682922,0.6490361094474792,0.6282640099525452,0.6554672718048096,0.6893590688705444,0.6337039470672607,0.6278828978538513,0.6320611238479614,0.637991726398468,0.6604657769203186,0.6576076149940491,0.6597866415977478,0.6621348857879639,0.6857094764709473,0.6848127245903015,0.6821673512458801,0.681040346622467,0.7118377089500427,0.7115005254745483,0.7064905762672424,0.7020638585090637,0.7115334272384644,0.686519980430603,0.6411266922950745,0.6077399849891663,0.602584719657898,0.5612998008728027,0.4963383078575134,0.5221490263938904,0.5564600825309753,0.5542158484458923,0.48646917939186096,0.5214962959289551,0.5598167181015015,0.5558120608329773,0.491263747215271,0.5219990015029907,0.5595728158950806,0.5656901597976685,0.5122936964035034,0.5249219536781311,0.5537317395210266,E
0.7750167846679688,0.7370092868804932,0.7164724469184875,0.7438917756080627,0.7806431651115417,0.7203224301338196,0.7173338532447815,0.7220010161399841,0.7255358099937439,0.7477786540985107,0.7477486729621887,0.7519443035125732,0.7527827620506287,0.7736753821372986,0.7739595770835876,0.772956907749176,0.7706257700920105,0.7994990348815918,0.8003907799720764,0.7966614365577698,0.7916521430015564,0.7569013237953186,0.7327829599380493,0.6862998008728027,0.6554909944534302,0.6526787281036377,0.6095530986785889,0.5422221422195435,0.5677822232246399,0.6029550433158875,0.603925883769989,0.5385370254516602,0.5728933215141296,0.6119076013565063,0.6055476069450378,0.5419469475746155,0.5694063901901245,0.606878399848938,0.6135149598121643,0.5591509342193604,0.5675686597824097,0.5958743691444397,E
0.7030510902404785,0.66434246301651,0.6539072394371033,0.6904613971710205,0.7374747395515442,0.7055489420890808,0.7082436680793762,0.7101254463195801,0.7091343402862549,0.7517852187156677,0.754532516002655,0.7565538287162781,0.7521992921829224,0.7879312038421631,0.7970809936523438,0.7964993119239807,0.7899985313415527,0.8226292133331299,0.8383147120475769,0.8411102294921875,0.8358281850814819,0.8138112425804138,0.7946227788925171,0.7431280612945557,0.705123782157898,0.6845147609710693,0.6370341777801514,0.5443390011787415,0.4710216522216797,0.42520493268966675,0.6294016242027283,0.5331075191497803,0.4608383774757385,0.4095146656036377,0.6381482481956482,0.5473471283912659,0.48376503586769104,0.43665647506713867,0.6643862724304199,0.5815837979316711,0.5247536301612854,0.4782269597053528,E
0.7486442923545837,0.7042733430862427,0.6756157279014587,0.6750301122665405,0.7050907611846924,0.6902192831039429,0.6854174733161926,0.6919158101081848,0.7000350952148438,0.7200995087623596,0.7166560292243958,0.7183107733726501,0.7214133143424988,0.751888632774353,0.7490105628967285,0.7432357668876648,0.7411288022994995,0.7823714017868042,0.781549870967865,0.778557538986206,0.7744336724281311,0.831246554851532,0.7961950898170471,0.7422321438789368,0.6855850219726562,0.6540191769599915,0.6679664254188538,0.6255730390548706,0.6714184880256653,0.7069470882415771,0.657421886920929,0.613082766532898,0.6770207285881042,0.722797155380249,0.6521352529525757,0.5969775319099426,0.6523845195770264,0.7002873420715332,0.6524954438209534,0.5831583738327026,0.5394015312194824,0.4998180866241455,I
0.6495909094810486,0.572827935218811,0.5092389583587646,0.5109584331512451,0.568004310131073,0.5470325946807861,0.5387676954269409,0.5515788197517395,0.5635576248168945,0.6054917573928833,0.6030396223068237,0.6026034951210022,0.6017736196517944,0.665076732635498,0.6639556288719177,0.6470193266868591,0.6341031789779663,0.7209030389785767,0.7237216830253601,0.7215747237205505,0.7197668552398682,0.9303603768348694,0.8878653645515442,0.7987886071205139,0.7198010087013245,0.6755663752555847,0.6391245126724243,0.5832187533378601,0.683156430721283,0.747258186340332,0.6267963647842407,0.5804108381271362,0.7094820737838745,0.7930906414985657,0.6265515089035034,0.5638286471366882,0.679882824420929,0.7698019742965698,0.6342921257019043,0.512009859085083,0.43127766251564026,0.3577742576599121,I
0.8884094953536987,0.8532041907310486,0.8294115662574768,0.8332666754722595,0.8619124293327332,0.846330463886261,0.8434139490127563,0.8484980463981628,0.8543758988380432,0.8727197647094727,0.8730414509773254,0.8730125427246094,0.8737150430679321,0.899966835975647,0.9007575511932373,0.8939454555511475,0.8894290328025818,0.9260119199752808,0.9275330901145935,0.9258915781974792,0.9231047034263611,0.8095775842666626,0.7767985463142395,0.727493941783905,0.6823645830154419,0.6630082726478577,0.6652937531471252,0.6345694661140442,0.6754081845283508,0.7051978707313538,0.660449743270874,0.6266456842422485,0.6800681948661804,0.7194733023643494,0.6597921252250671,0.6151002645492554,0.6588783264160156,0.6985988616943359,0.6645245552062988,0.6077542304992676,0.5714842677116394,0.5383583307266235,I
0.47839805483818054,0.44283270835876465,0.41883915662765503,0.41932380199432373,0.44551196694374084,0.43705496191978455,0.43472808599472046,0.4368497133255005,0.4405573904514313,0.46246472001075745,0.46110406517982483,0.4572485685348511,0.45611703395843506,0.4887825548648834,0.4894241690635681,0.47858598828315735,0.4712459444999695,0.5132167339324951,0.5183428525924683,0.5197988152503967,0.5203790664672852,0.7399068474769592,0.7127557396888733,0.6624517440795898,0.6139878630638123,0.5925609469413757,0.6011294722557068,0.5682830810546875,0.6084516644477844,0.6383046507835388,0.5960493683815002,0.5622885823249817,0.6145917177200317,0.6518816351890564,0.5950682759284973,0.5493195652961731,0.5904310345649719,0.6271448731422424,0.5989881753921509,0.5442485809326172,0.5097225308418274,0.4773794412612915,I
0.6243694424629211,0.5519391894340515,0.49708235263824463,0.4986265301704407,0.5570643544197083,0.5440217852592468,0.5379703044891357,0.5485683083534241,0.5579208731651306,0.6007104516029358,0.5987154841423035,0.5957852005958557,0.591946542263031,0.6583471298217773,0.6585885882377625,0.6393209099769592,0.6231399774551392,0.7104835510253906,0.7227694392204285,0.7286087274551392,0.7304619550704956,0.8329747915267944,0.7756665945053101,0.6823418736457825,0.5954980850219727,0.5533539652824402,0.5206153988838196,0.4736108183860779,0.571998119354248,0.6365265846252441,0.5153607130050659,0.46675318479537964,0.5924764275550842,0.6736732125282288,0.5209693908691406,0.442792683839798,0.5490565896034241,0.6339820027351379,0.5365566611289978,0.4187138080596924,0.342416375875473,0.2663697600364685,I
0.2759914994239807,0.23416689038276672,0.2038581669330597,0.2083444744348526,0.23754829168319702,0.21623583137989044,0.2155858278274536,0.22552019357681274,0.23289720714092255,0.24767005443572998,0.24908626079559326,0.25467759370803833,0.25688400864601135,0.27983734011650085,0.2805159091949463,0.2765688896179199,0.27227139472961426,0.30964231491088867,0.30910009145736694,0.30687808990478516,0.30242931842803955,0.87213134765625,0.8446280360221863,0.7959957718849182,0.746616780757904,0.7166006565093994,0.7140661478042603,0.6797457337379456,0.7263962030410767,0.7608087658882141,0.7044686079025269,0.6702357530593872,0.7344064712524414,0.7798612117767334,0.7001206874847412,0.6507666110992432,0.7082105875015259,0.7573180794715881,0.7018008232116699,0.6356120109558105,0.594074010848999,0.5542124509811401,I
0.6481578946113586,0.6137899160385132,0.5882216095924377,0.5854916572570801,0.6092585325241089,0.6001403331756592,0.594791829586029,0.6010792255401611,0.607647716999054,0.6226872205734253,0.6180644631385803,0.6211855411529541,0.6248036623001099,0.6466765999794006,0.6408562064170837,0.6366485357284546,0.6352831125259399,0.6699368357658386,0.670815110206604,0.6701672673225403,0.6679093837738037,0.7530713677406311,0.7286143898963928,0.6918842792510986,0.6503366231918335,0.6263791918754578,0.6335553526878357,0.6061702966690063,0.6420790553092957,0.6663146615028381,0.6256883144378662,0.5991250872612,0.647550642490387,0.6814700961112976,0.620347261428833,0.5823536515235901,0.621890664100647,0.6567481160163879,0.6187378764152527,0.5673646330833435,0.5356650948524475,0.506554901599884,I
0.8989009261131287,0.8574491143226624,0.8252414464950562,0.835429310798645,0.8693440556526184,0.8414947390556335,0.841583788394928,0.8522955775260925,0.8598402738571167,0.8762958645820618,0.8784043788909912,0.8830514550209045,0.8835168480873108,0.9107021689414978,0.9116340279579163,0.908485472202301,0.904958188533783,0.9428932666778564,0.9460777640342712,0.9455642700195312,0.9436600804328918,0.7598726749420166,0.7315330505371094,0.6819796562194824,0.6373457312583923,0.617219865322113,0.5935435891151428,0.5681523680686951,0.6186889410018921,0.652273416519165,0.5873852372169495,0.5639339685440063,0.6315831542015076,0.6764514446258545,0.5876772999763489,0.5535021424293518,0.6156074404716492,0.6645128726959229,0.593045711517334,0.526259183883667,0.4840382933616638,0.44450002908706665,I
0.6703687310218811,0.5939456224441528,0.5280060768127441,0.5165249109268188,0.5736637115478516,0.5664279460906982,0.5552387833595276,0.5665796995162964,0.5777058601379395,0.6207680106163025,0.611551821231842,0.6135196685791016,0.6158087253570557,0.6773841381072998,0.6680731773376465,0.6485361456871033,0.6346074938774109,0.7301820516586304,0.7389557361602783,0.7417037487030029,0.7403113842010498,0.8351418375968933,0.7917581796646118,0.6971400380134583,0.5984814167022705,0.5547066926956177,0.5449768900871277,0.48664745688438416,0.5762795209884644,0.6342872977256775,0.531814455986023,0.4798991084098816,0.6036864519119263,0.6870397329330444,0.5271569490432739,0.4421745538711548,0.546866238117218,0.6355679035186768,0.5308359265327454,0.4114793539047241,0.33255505561828613,0.255687415599823,I
0.5469506978988647,0.508102536201477,0.4778420925140381,0.47669413685798645,0.503027617931366,0.49603667855262756,0.4953712224960327,0.49923473596572876,0.5020575523376465,0.5261130332946777,0.5279481410980225,0.525331974029541,0.5212517380714417,0.5567172169685364,0.557898759841919,0.5463157892227173,0.535874605178833,0.5857573747634888,0.5867597460746765,0.5851390957832336,0.5822073817253113,0.706652045249939,0.6821560263633728,0.6234943866729736,0.5663065314292908,0.5346139073371887,0.5428712964057922,0.49052757024765015,0.533822774887085,0.5715526342391968,0.5413892269134521,0.5005031824111938,0.568295419216156,0.6180717945098877,0.5423638820648193,0.48846137523651123,0.5411663055419922,0.5863625407218933,0.5459909439086914,0.479483038187027,0.43702858686447144,0.39530688524246216,I
0.49997177720069885,0.4731122851371765,0.44949081540107727,0.4479098916053772,0.46745172142982483,0.4645903408527374,0.4625657796859741,0.46431922912597656,0.46676504611968994,0.48519647121429443,0.4846954643726349,0.48226964473724365,0.4800071120262146,0.5064145922660828,0.5061749219894409,0.49780264496803284,0.4904557764530182,0.5268887281417847,0.5280417203903198,0.5266995429992676,0.5249284505844116,0.789336621761322,0.7740065455436707,0.7349067330360413,0.6991336941719055,0.686760663986206,0.6777682304382324,0.6411935687065125,0.669899046421051,0.6940610408782959,0.6777101159095764,0.6507536768913269,0.6946250200271606,0.7268006205558777,0.6794265508651733,0.6442611217498779,0.6792272925376892,0.7090197801589966,0.68197101354599,0.6356932520866394,0.6051959991455078,0.5762700438499451,I
0.5932758450508118,0.5264437198638916,0.454164981842041,0.4364720582962036,0.4800965487957001,0.48603489995002747,0.4729922413825989,0.48460233211517334,0.4977748394012451,0.5392419695854187,0.5261746644973755,0.5299558043479919,0.5344998240470886,0.594130277633667,0.5804543495178223,0.5649093985557556,0.554801344871521,0.6461058259010315,0.6415985226631165,0.6337787508964539,0.6243606805801392,0.707020103931427,0.6841098666191101,0.5965228080749512,0.5073977112770081,0.4503600299358368,0.4328303933143616,0.3705233335494995,0.4592253565788269,0.5248071551322937,0.4251094460487366,0.37190237641334534,0.49355173110961914,0.5821845531463623,0.42460528016090393,0.3408193588256836,0.4382096230983734,0.522483229637146,0.42884233593940735,0.3097740113735199,0.23368290066719055,0.16218644380569458,I
0.5615671873092651,0.4684450924396515,0.3806629776954651,0.3520190119743347,0.4181559085845947,0.4265475273132324,0.4162113070487976,0.42726385593414307,0.43970054388046265,0.5034214854240417,0.4924084544181824,0.48910337686538696,0.4868873357772827,0.5817519426345825,0.569324254989624,0.5419554114341736,0.522392988204956,0.655949056148529,0.6612009406089783,0.659031331539154,0.6531498432159424,0.9178978204727173,0.8664669990539551,0.7407878041267395,0.6223062872886658,0.5494105219841003,0.5224502086639404,0.4249662160873413,0.5501578450202942,0.6426554918289185,0.5213150978088379,0.44658589363098145,0.6186903715133667,0.7431858777999878,0.5280401110649109,0.4151747226715088,0.5502423048019409,0.6661763787269592,0.5398296117782593,0.375099241733551,0.26548072695732117,0.1636294424533844,I
0.23196426033973694,0.19696924090385437,0.1686100959777832,0.17163467407226562,0.19946204125881195,0.18892280757427216,0.18680128455162048,0.19012680649757385,0.19412317872047424,0.21628159284591675,0.21662895381450653,0.21419920027256012,0.21166707575321198,0.24393883347511292,0.2446075826883316,0.23492544889450073,0.2265859693288803,0.2699435353279114,0.27221959829330444,0.27192389965057373,0.27181077003479004,0.8745843768119812,0.8537838459014893,0.8039315342903137,0.7597131729125977,0.7460489273071289,0.7337549924850464,0.6911544799804688,0.7301092743873596,0.7609742879867554,0.7322397232055664,0.6988599300384521,0.7542405128479004,0.7929697036743164,0.7337164282798767,0.691900372505188,0.7381019592285156,0.7762556076049805,0.7375797033309937,0.6795468330383301,0.6417418718338013,0.6061362624168396,I
0.7335997223854065,0.6953436732292175,0.6649397015571594,0.6661499738693237,0.6971769332885742,0.6832512021064758,0.6814426183700562,0.6853320598602295,0.688278317451477,0.7136499285697937,0.7155662178993225,0.7137115001678467,0.7104855179786682,0.7438457012176514,0.746614933013916,0.7371058464050293,0.7278679609298706,0.772539496421814,0.7748833298683167,0.77531898021698,0.77467280626297,0.765536904335022,0.7387419939041138,0.6795209646224976,0.6243520379066467,0.6000250577926636,0.6016675233840942,0.5509143471717834,0.5950175523757935,0.6292465925216675,0.6008872985839844,0.5601587891578674,0.62297523021698,0.6659499406814575,0.6035162806510925,0.5548094511032104,0.6091597080230713,0.6524350643157959,0.6095107793807983,0.5463440418243408,0.5053099393844604,0.46400728821754456,I
0.8607795834541321,0.8014029860496521,0.7587344646453857,0.7605162262916565,0.7992830872535706,0.7810429930686951,0.7771512866020203,0.7846562266349792,0.7900696992874146,0.823055624961853,0.8237528800964355,0.8252078294754028,0.8232339024543762,0.8644365668296814,0.8673447966575623,0.8583664298057556,0.8498716354370117,0.9044361114501953,0.906777560710907,0.9054604172706604,0.9024239182472229,0.5676220059394836,0.5276837348937988,0.4532487988471985,0.3773086667060852,0.3316354751586914,0.349754273891449,0.28279054164886475,0.3290453255176544,0.3783322870731354,0.3422989547252655,0.29168379306793213,0.3727828562259674,0.43463778495788574,0.34220725297927856,0.28143414855003357,0.35452044010162354,0.4177424907684326,0.34865450859069824,0.2612835168838501,0.20430605113506317,0.15207979083061218,I
0.41819703578948975,0.38339677453041077,0.3555690050125122,0.36311888694763184,0.3921414911746979,0.3761199712753296,0.37654927372932434,0.38027819991111755,0.38306450843811035,0.4018256366252899,0.40322327613830566,0.40188196301460266,0.399761825799942,0.4270310401916504,0.4276583790779114,0.4170357286930084,0.4079500138759613,0.44996628165245056,0.45730215311050415,0.4612278342247009,0.4633820950984955,0.6785261034965515,0.6589043140411377,0.6182795763015747,0.5817996263504028,0.5691211819648743,0.5501365661621094,0.5284337401390076,0.5621338486671448,0.5842414498329163,0.547996461391449,0.527532160282135,0.5800551176071167,0.6166432499885559,0.5500309467315674,0.5221385955810547,0.5667697787284851,0.6029225587844849,0.5559448599815369,0.5052703619003296,0.4724583327770233,0.4394798278808594,I
0.44103819131851196,0.4040161669254303,0.36971110105514526,0.3689568042755127,0.4022725224494934,0.39278748631477356,0.3892016112804413,0.3931993544101715,0.39751675724983215,0.42119985818862915,0.41744211316108704,0.4169315695762634,0.4172288179397583,0.4495433270931244,0.4451225996017456,0.4331665337085724,0.42434290051460266,0.47621557116508484,0.48225414752960205,0.4844210147857666,0.48451662063598633,0.6620398759841919,0.6422430276870728,0.5932716727256775,0.5459189414978027,0.5319807529449463,0.5176022052764893,0.49338069558143616,0.5342395901679993,0.5558476448059082,0.5151703357696533,0.4930194616317749,0.5540069341659546,0.594068706035614,0.5175690650939941,0.48163285851478577,0.5297847986221313,0.5692499876022339,0.52374267578125,0.46742957830429077,0.43058520555496216,0.393696129322052,I
0.2437032163143158,0.20156386494636536,0.16219288110733032,0.15918704867362976,0.19402572512626648,0.1897915005683899,0.18531915545463562,0.18709023296833038,0.19019055366516113,0.22094331681728363,0.21411052346229553,0.21116070449352264,0.21136167645454407,0.2519546151161194,0.24552035331726074,0.2302410751581192,0.21938157081604004,0.2818148136138916,0.28680863976478577,0.28921258449554443,0.28997617959976196,0.7294267416000366,0.7079704403877258,0.653671383857727,0.6011217832565308,0.5843015909194946,0.5742816925048828,0.546650767326355,0.5904375314712524,0.6156095862388611,0.5725411176681519,0.5463171005249023,0.609484851360321,0.6524143815040588,0.5754534602165222,0.5368019342422485,0.587334930896759,0.6299586892127991,0.5821420550346375,0.5206531286239624,0.4800054430961609,0.4411888122558594,I
0.5932074189186096,0.555978536605835,0.5225993394851685,0.5182467103004456,0.5465285181999207,0.5428318977355957,0.5423562526702881,0.5482790470123291,0.5532786250114441,0.5716403126716614,0.5725915431976318,0.5737698078155518,0.5736671090126038,0.60093092918396,0.6029276251792908,0.5995285511016846,0.5969831943511963,0.6287392377853394,0.632060170173645,0.6322925090789795,0.6319352984428406,0.7527690529823303,0.7305542230606079,0.6859428286552429,0.6392366290092468,0.6181331276893616,0.607800304889679,0.5768492221832275,0.628869354724884,0.6631766557693481,0.6003106832504272,0.5704255104064941,0.6349451541900635,0.6728833913803101,0.6003570556640625,0.5619008541107178,0.6177985072135925,0.6575178503990173,0.6063446998596191,0.5447349548339844,0.506783127784729,0.46956560015678406,I
0.6845864653587341,0.6083942651748657,0.5609904527664185,0.5212714672088623,0.49340900778770447,0.6266430020332336,0.5613101124763489,0.5234845280647278,0.5126422643661499,0.6394667625427246,0.5570438504219055,0.5164948105812073,0.5088131427764893,0.6401318907737732,0.5588890910148621,0.5156557559967041,0.5061390399932861,0.6250143647193909,0.5587182641029358,0.5230814218521118,0.5101991295814514,0.6077449321746826,0.5754908323287964,0.5324771404266357,0.5087255835533142,0.47520911693573,0.40037328004837036,0.36006009578704834,0.39525967836380005,0.4412768483161926,0.39457160234451294,0.34948527812957764,0.3938639163970947,0.44290482997894287,0.40176767110824585,0.3470427095890045,0.39160993695259094,0.44188323616981506,0.4206010401248932,0.3705529570579529,0.3939897119998932,0.4343988597393036,O
0.6885243058204651,0.6215857267379761,0.5802791118621826,0.5437964797019958,0.5204738974571228,0.659471333026886,0.5971724987030029,0.5609414577484131,0.5422186851501465,0.6715775728225708,0.5944147706031799,0.5543075203895569,0.5391358137130737,0.6718828678131104,0.6007676720619202,0.5598958134651184,0.5459755659103394,0.6565723419189453,0.6034419536590576,0.5696640610694885,0.5532382130622864,0.6385973691940308,0.5909794569015503,0.5435665845870972,0.5117932558059692,0.47565823793411255,0.42711469531059265,0.38520923256874084,0.4136887788772583,0.4520450234413147,0.4220675528049469,0.37131667137145996,0.40928250551223755,0.45479658246040344,0.4321972131729126,0.3678050935268402,0.401513934135437,0.44658106565475464,0.45133131742477417,0.38978007435798645,0.3990601599216461,0.4286940395832062,O
0.8201206922531128,0.7012748718261719,0.6360333561897278,0.5734661817550659,0.5390417575836182,0.7919737696647644,0.6825659275054932,0.6064807176589966,0.570598304271698,0.816059947013855,0.6733633875846863,0.5890840888023376,0.5625494122505188,0.8164584636688232,0.6873593926429749,0.5987605452537537,0.5669842958450317,0.7885605096817017,0.6885024309158325,0.620791494846344,0.5869649648666382,0.6941894292831421,0.5734893679618835,0.4739626348018646,0.41473156213760376,0.3427678942680359,0.2978980541229248,0.19841082394123077,0.24820275604724884,0.31792405247688293,0.2989994287490845,0.18267403542995453,0.25088953971862793,0.3287428915500641,0.31714269518852234,0.18434974551200867,0.24167892336845398,0.32006198167800903,0.3462233245372772,0.2316557765007019,0.2491576224565506,0.30313295125961304,O
0.5203704833984375,0.4724787473678589,0.442368745803833,0.4150070548057556,0.4032377302646637,0.5159618854522705,0.4717475473880768,0.4373281002044678,0.41951414942741394,0.5253871083259583,0.4685245752334595,0.43039652705192566,0.4173153340816498,0.5246636867523193,0.4725866913795471,0.4345811903476715,0.4205184578895569,0.5118252038955688,0.47284185886383057,0.4435179829597473,0.4282987415790558,0.6252610683441162,0.5831094980239868,0.5405653715133667,0.5135549902915955,0.48237770795822144,0.46459656953811646,0.413102924823761,0.4257877469062805,0.4523700177669525,0.4659631550312042,0.4074271619319916,0.42934292554855347,0.4612065255641937,0.4737352132797241,0.41115742921829224,0.4301263689994812,0.46199527382850647,0.48516616225242615,0.43070346117019653,0.4355340003967285,0.45813852548599243,O
0.3483913242816925,0.23943200707435608,0.1712891161441803,0.10602227598428726,0.06956984102725983,0.33114027976989746,0.22009208798408508,0.14633283019065857,0.105915367603302,0.34833842515945435,0.2038157731294632,0.12299228459596634,0.09603345394134521,0.343661904335022,0.21728210151195526,0.13641902804374695,0.10509011894464493,0.3141213655471802,0.22016704082489014,0.15928956866264343,0.12900269031524658,0.6759141683578491,0.5759994387626648,0.489288866519928,0.43545281887054443,0.3683548867702484,0.3180982172489166,0.2133989781141281,0.24815095961093903,0.3058936893939972,0.3254334330558777,0.19772939383983612,0.25222015380859375,0.3219027519226074,0.35114923119544983,0.2093956619501114,0.253688782453537,0.322493314743042,0.3865085244178772,0.26639240980148315,0.26949912309646606,0.306962788105011,O
0.6350375413894653,0.5878640413284302,0.5573852062225342,0.5290508270263672,0.5221083760261536,0.63751620054245,0.5909115076065063,0.5566790699958801,0.536457359790802,0.6461440324783325,0.585590124130249,0.548336386680603,0.5332820415496826,0.6446312665939331,0.5904937982559204,0.5531919598579407,0.5379748344421387,0.6305641531944275,0.5913936495780945,0.5628969669342041,0.5476997494697571,0.6999073028564453,0.6541165709495544,0.6094968318939209,0.5805168747901917,0.5476922392845154,0.5329025983810425,0.4780755937099457,0.48969346284866333,0.5165107846260071,0.5334480404853821,0.47136440873146057,0.4899929165840149,0.5222123861312866,0.5413289070129395,0.47220292687416077,0.4897937774658203,0.5219773650169373,0.5531080961227417,0.49109968543052673,0.49395906925201416,0.5160071849822998,O
0.8144782185554504,0.7500039935112,0.7072336077690125,0.6675465106964111,0.6375715136528015,0.7766265869140625,0.7210237383842468,0.681073784828186,0.6612868905067444,0.7885574698448181,0.716762900352478,0.6723703742027283,0.6547296643257141,0.7906800508499146,0.7208420038223267,0.6734621524810791,0.6529631614685059,0.7803252339363098,0.7240345478057861,0.6865248084068298,0.6659181714057922,0.6058828234672546,0.5721654891967773,0.5262157917022705,0.49710214138031006,0.4620010256767273,0.4048399031162262,0.35912492871284485,0.3797024190425873,0.4137188494205475,0.4031519889831543,0.34669721126556396,0.3768295347690582,0.41414114832878113,0.4125157594680786,0.35187673568725586,0.37901192903518677,0.41497230529785156,0.43147408962249756,0.37839365005493164,0.3867964744567871,0.4107781946659088,O
0.8374432921409607,0.702686071395874,0.6287002563476562,0.5617920756340027,0.5093835592269897,0.7875427007675171,0.7026834487915039,0.6139500737190247,0.561288058757782,0.814950704574585,0.6919878721237183,0.5908624529838562,0.5447277426719666,0.8195595741271973,0.6960052847862244,0.594284176826477,0.5433646440505981,0.8006972670555115,0.6970957517623901,0.6164426207542419,0.5647002458572388,0.7054938673973083,0.5807543992996216,0.46678319573402405,0.4001114070415497,0.3216765224933624,0.26295942068099976,0.13149788975715637,0.1546403020620346,0.2106115221977234,0.26474520564079285,0.11718685925006866,0.15399104356765747,0.2209237515926361,0.28451380133628845,0.1348937302827835,0.1712232232093811,0.23632150888442993,0.3177962005138397,0.19134999811649323,0.19448788464069366,0.23354876041412354,O
0.5864179134368896,0.5306065082550049,0.49797090888023376,0.46647533774375916,0.4475175142288208,0.5704193115234375,0.5183441042900085,0.4826089143753052,0.46380287408828735,0.5805768966674805,0.5144404172897339,0.47555023431777954,0.45950114727020264,0.5800386071205139,0.5184758305549622,0.4777640402317047,0.4597474932670593,0.5678259134292603,0.5193922519683838,0.486276775598526,0.4665156900882721,0.6771846413612366,0.6289450526237488,0.5815255641937256,0.5498529076576233,0.5121671557426453,0.48170778155326843,0.4370272159576416,0.4533115029335022,0.4817843437194824,0.4833678603172302,0.42802613973617554,0.45055344700813293,0.483208030462265,0.4938829243183136,0.43341386318206787,0.45321133732795715,0.48514676094055176,0.5107172727584839,0.45950815081596375,0.4632456600666046,0.4828163981437683,O
0.7626529335975647,0.7028911709785461,0.666318953037262,0.6321948766708374,0.6119534969329834,0.7456743717193604,0.6983427405357361,0.6599970459938049,0.6371020078659058,0.7580640316009521,0.6952611804008484,0.6514627933502197,0.6312427520751953,0.7600647211074829,0.699495255947113,0.6528131365776062,0.6303777694702148,0.7485011219978333,0.699702262878418,0.6638100743293762,0.6421026587486267,0.7038102149963379,0.6587967276573181,0.6095247864723206,0.5750276446342468,0.5334769487380981,0.5113980174064636,0.4627724587917328,0.4733595848083496,0.4996570348739624,0.5102481842041016,0.4479736387729645,0.4672587811946869,0.49999991059303284,0.516787588596344,0.45009055733680725,0.46847957372665405,0.5012204647064209,0.5298838019371033,0.47405582666397095,0.4775255024433136,0.49932098388671875,O
0.8328858017921448,0.7779401540756226,0.7437149286270142,0.7102288007736206,0.6916283369064331,0.8334289789199829,0.7751122117042542,0.7358196377754211,0.7111769914627075,0.8389976620674133,0.7688759565353394,0.7274655699729919,0.7061052322387695,0.8334165215492249,0.768921971321106,0.7261725664138794,0.703606128692627,0.8149452805519104,0.7654554843902588,0.7328262329101562,0.711736798286438,0.8239555358886719,0.7779080271720886,0.7299515008926392,0.6963086724281311,0.6571944952011108,0.6331015229225159,0.5844917297363281,0.5932021737098694,0.6163812279701233,0.6331270337104797,0.569122314453125,0.5851736068725586,0.6135504245758057,0.6412340402603149,0.5741288065910339,0.5887822508811951,0.6170133352279663,0.6546816229820251,0.599986732006073,0.5992009043693542,0.6135295033454895,O
0.5659121870994568,0.519102156162262,0.4893116056919098,0.4623297452926636,0.4447661340236664,0.5478306412696838,0.5129091143608093,0.47989925742149353,0.4625779986381531,0.5582557320594788,0.5116593241691589,0.4733671247959137,0.45670509338378906,0.561709463596344,0.5163655281066895,0.47702541947364807,0.45972350239753723,0.5552698373794556,0.5179325938224792,0.4876025915145874,0.4702211916446686,0.7301203012466431,0.6903554201126099,0.6470779180526733,0.6184493899345398,0.5847065448760986,0.5705931186676025,0.5256672501564026,0.5356950759887695,0.560253918170929,0.5683150887489319,0.5123580098152161,0.5288469791412354,0.5577523112297058,0.5728175044059753,0.5128788948059082,0.5299134850502014,0.5600419640541077,0.5831038951873779,0.5318689942359924,0.5370689034461975,0.5597773790359497,O
0.692970335483551,0.6098418831825256,0.5617557764053345,0.5141026973724365,0.4780709147453308,0.6740074753761292,0.6169745922088623,0.5555199384689331,0.519564688205719,0.692193329334259,0.6122897267341614,0.542182981967926,0.5109894871711731,0.6949473023414612,0.6157453060150146,0.5468621253967285,0.5148723125457764,0.6816839575767517,0.6178096532821655,0.5653470754623413,0.5331128239631653,0.753825843334198,0.6634284257888794,0.5808576345443726,0.5308327078819275,0.4729304611682892,0.4595809876918793,0.35914143919944763,0.3715321123600006,0.40794071555137634,0.46197205781936646,0.3482320308685303,0.3735194504261017,0.41910305619239807,0.4755195081233978,0.3651270866394043,0.39041098952293396,0.43609073758125305,0.4976174235343933,0.4079299569129944,0.41327518224716187,0.44625166058540344,O
0.6636515259742737,0.5613853931427002,0.5046467185020447,0.45129483938217163,0.4112185835838318,0.6326985955238342,0.5842038989067078,0.5102068781852722,0.4666587710380554,0.6605076789855957,0.5869949460029602,0.4973579943180084,0.4539121687412262,0.6747668981552124,0.5976125597953796,0.5023921728134155,0.45549917221069336,0.6682898998260498,0.595557689666748,0.5173332691192627,0.46778449416160583,0.7195110321044922,0.6111879348754883,0.5013455748558044,0.43294039368629456,0.3531217575073242,0.35055333375930786,0.22462409734725952,0.2343854159116745,0.28338468074798584,0.34585100412368774,0.20215539634227753,0.2283194661140442,0.28902387619018555,0.3537025451660156,0.20400618016719818,0.23320508003234863,0.29600125551223755,0.372381329536438,0.24334876239299774,0.24815721809864044,0.2948869466781616,O
0.3740346133708954,0.31758400797843933,0.284907728433609,0.2530732750892639,0.22707611322402954,0.35440224409103394,0.3018922507762909,0.2643073499202728,0.24707454442977905,0.3623867332935333,0.29669204354286194,0.25618383288383484,0.2425609827041626,0.3599289357662201,0.29890936613082886,0.2589898407459259,0.24467015266418457,0.3460003435611725,0.29884830117225647,0.2678990364074707,0.2526904046535492,0.7360520958900452,0.6931965947151184,0.6493486166000366,0.622594952583313,0.5919860601425171,0.553642988204956,0.5093949437141418,0.5286654233932495,0.5579812526702881,0.557360827922821,0.5020443201065063,0.5290119647979736,0.5605975985527039,0.5704024434089661,0.5108546614646912,0.5336186289787292,0.5653370022773743,0.589986264705658,0.5370957255363464,0.5422557592391968,0.5634081363677979,O
0.8956755995750427,0.7906680107116699,0.7384346127510071,0.688770055770874,0.6489510536193848,0.844733476638794,0.7834160923957825,0.7235613465309143,0.6868098974227905,0.8662019968032837,0.7815266847610474,0.709095299243927,0.6760128736495972,0.8727495670318604,0.7888911962509155,0.7160874605178833,0.6825302243232727,0.8620666861534119,0.7924814820289612,0.7348237037658691,0.7004069685935974,0.741855263710022,0.6553567051887512,0.5765449404716492,0.5334519147872925,0.47808411717414856,0.4484354555606842,0.35945016145706177,0.3752790093421936,0.4126899540424347,0.4432981610298157,0.34112656116485596,0.37010008096694946,0.42270639538764954,0.45239153504371643,0.34574294090270996,0.3788374066352844,0.431208074092865,0.4721481204032898,0.3791767954826355,0.3903270959854126,0.42846670746803284,O
0.6725603938102722,0.6232246160507202,0.5934805274009705,0.565985381603241,0.5477567315101624,0.6521769762039185,0.6172698736190796,0.5847428441047668,0.5659165978431702,0.662439227104187,0.6158849000930786,0.5775774121284485,0.560666561126709,0.6658982038497925,0.6203209161758423,0.5811372399330139,0.5632532835006714,0.6598224639892578,0.6238698959350586,0.5936716794967651,0.5755114555358887,0.7160259485244751,0.6746184825897217,0.632599949836731,0.6059519648551941,0.5731238722801208,0.5544460415840149,0.5097669959068298,0.518410861492157,0.5412452220916748,0.5542620420455933,0.49951064586639404,0.5160766243934631,0.544455885887146,0.5610923767089844,0.5070671439170837,0.5237373113632202,0.5515532493591309,0.574501633644104,0.5281916856765747,0.5331494808197021,0.5536251664161682,O
0.7363767623901367,0.6941712498664856,0.6637256741523743,0.6365016102790833,0.6177183389663696,0.719673216342926,0.6831762790679932,0.6533539891242981,0.6364402770996094,0.7272526621818542,0.680660605430603,0.645840585231781,0.6309488415718079,0.7286233901977539,0.6875168681144714,0.65204256772995,0.6352636814117432,0.7221661806106567,0.6955493688583374,0.6735649704933167,0.6602965593338013,0.7648159265518188,0.7207087874412537,0.6762304902076721,0.6483079791069031,0.6193310618400574,0.6089584231376648,0.5562297105789185,0.5687190294265747,0.5938138365745544,0.6123393774032593,0.5477108359336853,0.569267749786377,0.6008033752441406,0.6221643686294556,0.5553835034370422,0.5705201029777527,0.5975627899169922,0.6360766291618347,0.5822276473045349,0.572360634803772,0.5781431794166565,O
0.6251527070999146,0.5359339714050293,0.48580899834632874,0.43566668033599854,0.40549778938293457,0.6151070594787598,0.530768632888794,0.4716709852218628,0.4437040686607361,0.6301814317703247,0.5247213840484619,0.45988592505455017,0.4385693669319153,0.625201940536499,0.5319405198097229,0.46407777070999146,0.4384121894836426,0.5975158214569092,0.5252796411514282,0.47254234552383423,0.4451087713241577,0.7725512385368347,0.6774608492851257,0.6029984354972839,0.5594249963760376,0.5033416152000427,0.46954062581062317,0.3833467960357666,0.4147156774997711,0.46558111906051636,0.4709385931491852,0.36563047766685486,0.41067051887512207,0.46844273805618286,0.48659831285476685,0.36704349517822266,0.4074077308177948,0.4657104015350342,0.5100677609443665,0.406965434551239,0.41779807209968567,0.4568881690502167,O
0.49560627341270447,0.4345778524875641,0.39599987864494324,0.35961484909057617,0.33513131737709045,0.48216453194618225,0.43066367506980896,0.3866036534309387,0.3650401830673218,0.49445852637290955,0.4263005554676056,0.37567806243896484,0.3583402931690216,0.4952082633972168,0.43286585807800293,0.38125717639923096,0.36188435554504395,0.48294252157211304,0.435748815536499,0.39655646681785583,0.3760074973106384,0.7367226481437683,0.6726183891296387,0.6160091161727905,0.580180287361145,0.5393615365028381,0.5186728835105896,0.44815903902053833,0.46729806065559387,0.504984438419342,0.5214505791664124,0.4375301003456116,0.47102779150009155,0.5157790184020996,0.5321517586708069,0.4450788199901581,0.4753733277320862,0.5202698707580566,0.549159586429596,0.47544896602630615,0.48547178506851196,0.5179125070571899,O
0.576984703540802,0.5320677757263184,0.5134029984474182,0.542186975479126,0.5846370458602905,0.5371514558792114,0.5336334109306335,0.5345989465713501,0.5390704274177551,0.5722062587738037,0.5703498721122742,0.566074788570404,0.5671458840370178,0.6047347187995911,0.604465663433075,0.5875383019447327,0.5792405009269714,0.6351528763771057,0.6296107769012451,0.6141999363899231,0.605974555015564,0.7786908149719238,0.7320661544799805,0.6671009063720703,0.6203815937042236,0.6067567467689514,0.5591045618057251,0.46905967593193054,0.4142778515815735,0.36702612042427063,0.5601193308830261,0.45931461453437805,0.39610743522644043,0.3412480354309082,0.5810889005661011,0.5111400485038757,0.5646066665649414,0.6101319789886475,0.6150415539741516,0.5552631616592407,0.5882469415664673,0.624507486820221,U
0.7293676137924194,0.6921336054801941,0.6798667311668396,0.7108714580535889,0.7471339702606201,0.682673990726471,0.679762601852417,0.6809331774711609,0.6840277314186096,0.7181395888328552,0.7135542035102844,0.7104130983352661,0.7099310755729675,0.7518534064292908,0.7547109723091125,0.7466509938240051,0.7415898442268372,0.78328537940979,0.7847597002983093,0.7739142179489136,0.7674097418785095,0.797681987285614,0.753383219242096,0.695806086063385,0.6513566374778748,0.630272626876831,0.5992650389671326,0.514700174331665,0.46514463424682617,0.42214179039001465,0.594369113445282,0.5019100308418274,0.44718578457832336,0.39875632524490356,0.6104533672332764,0.5504484176635742,0.5941815376281738,0.6312161087989807,0.6389957666397095,0.591019332408905,0.6188088655471802,0.6482101082801819,U
0.7312889099121094,0.665124773979187,0.6403335928916931,0.6959010362625122,0.7609423995018005,0.6522091031074524,0.6474469900131226,0.6485164165496826,0.6538681387901306,0.7111595869064331,0.7027836441993713,0.6973661184310913,0.6961303353309631,0.7649381160736084,0.7735999822616577,0.7601049542427063,0.7488750219345093,0.8158090710639954,0.8183322548866272,0.8022369742393494,0.789778470993042,0.9150415062904358,0.8531579375267029,0.7631688714027405,0.7010412812232971,0.6764698028564453,0.586599588394165,0.44539159536361694,0.3582233786582947,0.2804579734802246,0.5773270726203918,0.4256932735443115,0.32936185598373413,0.2410876452922821,0.603892982006073,0.5073035955429077,0.5939043760299683,0.6650735139846802,0.652890145778656,0.5802688598632812,0.6387253403663635,0.6950872540473938,U
0.28528472781181335,0.24533802270889282,0.23117342591285706,0.25929316878318787,0.29547449946403503,0.2490779310464859,0.24696454405784607,0.24833685159683228,0.25309598445892334,0.28042179346084595,0.27893388271331787,0.27581462264060974,0.27775365114212036,0.3101598918437958,0.3139069378376007,0.29926374554634094,0.29155683517456055,0.3379047214984894,0.3351399004459381,0.32193857431411743,0.31510522961616516,0.9078134298324585,0.8675997853279114,0.8116801977157593,0.7753735184669495,0.764303982257843,0.7186973690986633,0.6386781334877014,0.5887877941131592,0.5457978844642639,0.7196992635726929,0.634050726890564,0.580305278301239,0.532422661781311,0.7377306222915649,0.6784346699714661,0.7261254191398621,0.7656385898590088,0.7678077816963196,0.7198172807693481,0.7505528330802917,0.7816510200500488,U
0.4931753873825073,0.414789617061615,0.3793907165527344,0.4303184151649475,0.5041646957397461,0.4027034044265747,0.385963499546051,0.3821600079536438,0.38508257269859314,0.46526822447776794,0.4505290389060974,0.43914175033569336,0.43787214159965515,0.523813009262085,0.5243886113166809,0.5017551183700562,0.4904601573944092,0.5789974331855774,0.5696026086807251,0.5475980043411255,0.5378456711769104,0.9201016426086426,0.860837459564209,0.7637207508087158,0.6883659362792969,0.6599787473678589,0.5688837766647339,0.40717613697052,0.30695250630378723,0.2182386815547943,0.5656068921089172,0.3858795762062073,0.27622103691101074,0.17215216159820557,0.5979104042053223,0.48188894987106323,0.5802376866340637,0.658779501914978,0.654697597026825,0.5601525902748108,0.6277773976325989,0.6930031776428223,U
0.5629896521568298,0.5311586260795593,0.5228647589683533,0.5478312373161316,0.5767725110054016,0.5205974578857422,0.5169546008110046,0.5159943103790283,0.516083836555481,0.5500242114067078,0.5457097887992859,0.5413888692855835,0.5393925905227661,0.5783260464668274,0.5802628993988037,0.5730623006820679,0.5690405964851379,0.6043681502342224,0.604943037033081,0.5938590168952942,0.5864203572273254,0.7023558020591736,0.6618546843528748,0.6098017692565918,0.5679764151573181,0.5477819442749023,0.5320031642913818,0.4567146599292755,0.41245293617248535,0.37453368306159973,0.5294044613838196,0.44904282689094543,0.39925485849380493,0.3567737936973572,0.5428913831710815,0.4856492578983307,0.5182976126670837,0.5511761903762817,0.5641192197799683,0.5179363489151001,0.5351864695549011,0.5604338049888611,U
0.7715480327606201,0.7304210662841797,0.7202813625335693,0.7606196999549866,0.802491307258606,0.724290132522583,0.7251940369606018,0.7285816669464111,0.7336287498474121,0.7658504247665405,0.7630930542945862,0.7626962661743164,0.7648864984512329,0.8033141493797302,0.8126384019851685,0.8082402348518372,0.8035118579864502,0.8380741477012634,0.8448946475982666,0.8348294496536255,0.8254182934761047,0.6492362022399902,0.5965157747268677,0.5275440216064453,0.47510743141174316,0.4484615623950958,0.4105558395385742,0.308483362197876,0.246776282787323,0.19300979375839233,0.4065038561820984,0.29885438084602356,0.23184210062026978,0.1712273359298706,0.4270937442779541,0.35138341784477234,0.394446462392807,0.43726640939712524,0.46253377199172974,0.4038102328777313,0.4315743148326874,0.46714261174201965,U
0.719521164894104,0.6842220425605774,0.6695916056632996,0.6970580816268921,0.7311142683029175,0.6800253391265869,0.6758143901824951,0.6755947470664978,0.6769905686378479,0.7112239599227905,0.7092796564102173,0.7054110765457153,0.7037917971611023,0.7411618232727051,0.7437547445297241,0.7315199375152588,0.7238113284111023,0.7681610584259033,0.7694249153137207,0.7540898323059082,0.7423382997512817,0.7999369502067566,0.7627315521240234,0.7095475792884827,0.6699309945106506,0.6537668704986572,0.6181902289390564,0.5387740731239319,0.48957860469818115,0.44789910316467285,0.6166722774505615,0.5315589904785156,0.47873654961586,0.43251335620880127,0.6325181722640991,0.5914247632026672,0.6339526772499084,0.6677175760269165,0.6593614220619202,0.6187424659729004,0.6461644768714905,0.6745070815086365,U
0.7337758541107178,0.679740309715271,0.6598268151283264,0.7020377516746521,0.7527127861976624,0.6730797290802002,0.6676133275032043,0.6676392555236816,0.6715295314788818,0.7195009589195251,0.714230477809906,0.7096007466316223,0.709837019443512,0.7634230852127075,0.7665629386901855,0.7507718801498413,0.7417153716087341,0.803895115852356,0.8033406734466553,0.7831088900566101,0.7689595818519592,0.8716356754302979,0.8199833631515503,0.7409018278121948,0.6814638376235962,0.6527326107025146,0.6095173954963684,0.49009937047958374,0.4155871570110321,0.35191574692726135,0.6032381057739258,0.4777551293373108,0.3994324803352356,0.33227211236953735,0.6226817965507507,0.558302104473114,0.6203386187553406,0.6700828075408936,0.6569225192070007,0.5998348593711853,0.6397520303726196,0.6797881722450256,U
0.4157036244869232,0.38237452507019043,0.36683592200279236,0.3907811939716339,0.423749178647995,0.38248103857040405,0.37520894408226013,0.3721274137496948,0.3729505240917206,0.41062426567077637,0.40723875164985657,0.40123796463012695,0.399593710899353,0.43711715936660767,0.43819567561149597,0.4245162308216095,0.41692113876342773,0.46174129843711853,0.4606781303882599,0.4447268545627594,0.43279793858528137,0.8886657357215881,0.8520259857177734,0.8000291585922241,0.7578777074813843,0.7366774678230286,0.7113515138626099,0.6346558332443237,0.5878859162330627,0.547777533531189,0.7082895636558533,0.6240213513374329,0.5727956891059875,0.5299935340881348,0.7226951718330383,0.670289158821106,0.7121007442474365,0.7493268847465515,0.7484017610549927,0.7001176476478577,0.7238655090332031,0.7529155015945435,U
0.3121587932109833,0.2830737829208374,0.27137526869773865,0.29427939653396606,0.32160669565200806,0.2815720736980438,0.2785390019416809,0.2783263921737671,0.280074805021286,0.3074592351913452,0.3073402941226959,0.3033226430416107,0.30194371938705444,0.3314915597438812,0.33453309535980225,0.32344356179237366,0.31672921776771545,0.3538439869880676,0.3554098606109619,0.34278878569602966,0.3331014811992645,0.8534190654754639,0.8230972290039062,0.776381254196167,0.7411953806877136,0.7257192730903625,0.6983449459075928,0.6314935684204102,0.5906757116317749,0.5557299852371216,0.6971873044967651,0.6251585483551025,0.5816099643707275,0.5431907176971436,0.7097547054290771,0.6643674969673157,0.6998470425605774,0.7301090359687805,0.7318932414054871,0.690462589263916,0.7129830718040466,0.7383320927619934,U
0.49555128812789917,0.4605681002140045,0.4441481828689575,0.46730998158454895,0.498632550239563,0.4585738182067871,0.4524560868740082,0.4508589208126068,0.4516220986843109,0.4876115918159485,0.48409929871559143,0.47964009642601013,0.47804200649261475,0.5150412321090698,0.5120363235473633,0.4991908073425293,0.49233826994895935,0.5404140949249268,0.5368528366088867,0.5210492610931396,0.5097661018371582,0.7540081739425659,0.7185054421424866,0.6655782461166382,0.6257169842720032,0.606175422668457,0.5775569677352905,0.4990445077419281,0.4506046175956726,0.40886300802230835,0.575570821762085,0.4901069402694702,0.4380168318748474,0.39253026247024536,0.5903720855712891,0.5396152138710022,0.5817972421646118,0.6176856756210327,0.6156958341598511,0.5676413774490356,0.5928542613983154,0.6220179200172424,U
0.6958772540092468,0.6624963283538818,0.6484042406082153,0.6720710396766663,0.7001868486404419,0.6594065427780151,0.6564939022064209,0.6570495963096619,0.658991277217865,0.6855697631835938,0.68302321434021,0.6794801950454712,0.6788778305053711,0.7105226516723633,0.7103314399719238,0.7005926966667175,0.6958861947059631,0.7334848642349243,0.7326110601425171,0.720408022403717,0.7120099067687988,0.7984631657600403,0.764559268951416,0.7164624333381653,0.6802850365638733,0.6631216406822205,0.6385526657104492,0.568023681640625,0.524859607219696,0.48885148763656616,0.6359400153160095,0.5595943927764893,0.5136719942092896,0.47589415311813354,0.6481913924217224,0.6011418700218201,0.6344138383865356,0.6650694012641907,0.6708385944366455,0.627666711807251,0.6472594141960144,0.672821044921875,U
0.6657237410545349,0.6052302122116089,0.5791288614273071,0.6253155469894409,0.6853902339935303,0.6062206625938416,0.5983137488365173,0.59659743309021,0.6000815033912659,0.6562824249267578,0.6493526697158813,0.6429350972175598,0.6451959013938904,0.7043570280075073,0.7039221525192261,0.6806316375732422,0.6706458926200867,0.7482215762138367,0.7439780831336975,0.7186688184738159,0.7048362493515015,0.9100390076637268,0.8489329814910889,0.7639011144638062,0.7040078043937683,0.683539867401123,0.6032621264457703,0.4736042022705078,0.39264994859695435,0.3206038177013397,0.6000156402587891,0.4576066732406616,0.36880749464035034,0.2898317873477936,0.6271721720695496,0.5513467192649841,0.6298491358757019,0.693057119846344,0.6742952466011047,0.6003932356834412,0.6527194380760193,0.7062673568725586,U
0.6708294153213501,0.6147447228431702,0.5850493907928467,0.6310897469520569,0.6921349763870239,0.6100695729255676,0.6058542132377625,0.6073736548423767,0.6110221147537231,0.6618707776069641,0.6554766893386841,0.6486638188362122,0.6479535102844238,0.7093210220336914,0.7088347673416138,0.6876654624938965,0.6785924434661865,0.7538542151451111,0.7471026182174683,0.7262700200080872,0.7157341241836548,0.8650859594345093,0.8505800366401672,0.7854279279708862,0.7322303056716919,0.7172655463218689,0.6261026263237,0.5019816160202026,0.4200758934020996,0.34677883982658386,0.6216338276863098,0.4840379059314728,0.3952334523200989,0.30746108293533325,0.645792543888092,0.5713425874710083,0.6558620929718018,0.7134168744087219,0.6900053024291992,0.6254329085350037,0.6859601140022278,0.7353175282478333,U
0.6652076244354248,0.6030148267745972,0.5774030685424805,0.6221486330032349,0.6827038526535034,0.604496419429779,0.5980303883552551,0.597934365272522,0.6027277708053589,0.6552143096923828,0.6507838368415833,0.6446698904037476,0.6464090943336487,0.7034054398536682,0.7029693126678467,0.6798045635223389,0.6703000664710999,0.7469305992126465,0.7414003014564514,0.7170533537864685,0.70540452003479,0.9313874244689941,0.8704395294189453,0.787477970123291,0.7255021929740906,0.707493007183075,0.6304715275764465,0.5043978691101074,0.4252336621284485,0.35542359948158264,0.627405047416687,0.4854769706726074,0.3988313376903534,0.32003313302993774,0.6550922989845276,0.5776263475418091,0.6565396785736084,0.7174100279808044,0.7039278745651245,0.628643810749054,0.6835397481918335,0.736798107624054,U
0.49313676357269287,0.4573360085487366,0.4395851492881775,0.4565596580505371,0.4836560785770416,0.4596109092235565,0.45195186138153076,0.44927623867988586,0.4492417573928833,0.48599544167518616,0.4796375632286072,0.4740169048309326,0.4717836081981659,0.5110461711883545,0.5119127035140991,0.49650394916534424,0.4852137267589569,0.5335007309913635,0.5285069942474365,0.5107865929603577,0.4962862730026245,0.8989492654800415,0.8640844225883484,0.8129911422729492,0.7776597738265991,0.7623615860939026,0.7279778122901917,0.6595644354820251,0.6163627505302429,0.5780508518218994,0.7271949648857117,0.6511354446411133,0.604466438293457,0.5631879568099976,0.7444565892219543,0.692925751209259,0.731201708316803,0.7648855447769165,0.7742155194282532,0.7412371635437012,0.7655544281005859,0.7910523414611816,U
0.7064684629440308,0.6775169372558594,0.6666774153709412,0.6873364448547363,0.7123726606369019,0.6777575016021729,0.675130307674408,0.6750403642654419,0.6761960387229919,0.7030119299888611,0.7016257643699646,0.6984134912490845,0.6975428462028503,0.7267054319381714,0.73056560754776,0.7199025750160217,0.7132299542427063,0.7479708790779114,0.7484450936317444,0.7351071834564209,0.7246772646903992,0.9257352352142334,0.8893232941627502,0.8450727462768555,0.8126200437545776,0.7975572943687439,0.7724341154098511,0.706538200378418,0.6663377285003662,0.6321048140525818,0.7718212604522705,0.7008109092712402,0.6586984992027283,0.6223349571228027,0.7876569032669067,0.7395398020744324,0.7725837230682373,0.8027915358543396,0.814939022064209,0.7801333665847778,0.7975667715072632,0.8193376660346985,U
0.7017927169799805,0.6735234260559082,0.6622000336647034,0.6807694435119629,0.7051618099212646,0.6737802028656006,0.671734094619751,0.6720643043518066,0.6738713979721069,0.6984953284263611,0.6981416344642639,0.6956877112388611,0.6956685185432434,0.7220242619514465,0.7271354794502258,0.7149789929389954,0.707000195980072,0.7431040406227112,0.7437983751296997,0.7292354106903076,0.7172541618347168,0.9358165860176086,0.8993427753448486,0.8571538329124451,0.8253318071365356,0.8083615303039551,0.781232476234436,0.7161695957183838,0.6762250661849976,0.6418716907501221,0.7820404767990112,0.7106385827064514,0.6687033176422119,0.6320322751998901,0.7989550828933716,0.7519851326942444,0.7850350141525269,0.8143667578697205,0.8274351954460144,0.7918384671211243,0.8095840811729431,0.8311539888381958,U
0.2673822045326233,0.2269396185874939,0.20801450312137604,0.23334239423274994,0.26963523030281067,0.23575976490974426,0.22905799746513367,0.22566697001457214,0.22611460089683533,0.26984599232673645,0.2691499590873718,0.26299604773521423,0.26104819774627686,0.30141955614089966,0.3023212254047394,0.2831714451313019,0.27218934893608093,0.32952991127967834,0.32232317328453064,0.2986597716808319,0.2822878062725067,0.8156742453575134,0.7719008922576904,0.7102591395378113,0.664435863494873,0.6452455520629883,0.5974478721618652,0.5083004832267761,0.44978177547454834,0.3996027112007141,0.5978308916091919,0.4970729351043701,0.43586015701293945,0.3819093704223633,0.6210483908653259,0.5581808090209961,0.6114633083343506,0.6548201441764832,0.6609336733818054,0.6150758266448975,0.6464455127716064,0.6775838136672974,U
